category,product_name,product_url
Exfoliants,"Anua – Heartleaf LHA Moisture Peeling Gel, 120ml",https://qudobeauty.com/product/anua-heartleaf-lha-moisture-peeling-gel-120ml/
Cleansing & Makeup Removal,"Anua – Rice Enzyme Brightening Cleansing Powder, 40g",https://qudobeauty.com/product/anua-rice-enzyme-brightening-cleansing-powder-40g/
Exfoliants,Anua – Heartleaf 77% Clear Toner Pads – 160ml,https://qudobeauty.com/product/anua-heartleaf-77-clear-toner-pads-160ml/
Cleansing & Makeup Removal,"Anua – Heartleaf Quercetinol Pore Deep Cleansing Foam, 150 ml",https://qudobeauty.com/product/anua-heartleaf-quercetinol-pore-deep-cleansing-foam-150-ml/
Cleansing & Makeup Removal,"APLB – Glutathione Niacinamide Facial Cleanser, 80ml",https://qudobeauty.com/product/aplb-glutathione-niacinamide-facial-cleanser-80-ml/
Cleansing & Makeup Removal,"AXIS-Y – Quinoa One Step Balanced Gel Cleanser, 180ml",https://qudobeauty.com/product/axis-y-quinoa-one-step-balanced-gel-cleanser-180ml/
Cleansing & Makeup Removal,"AXIS-Y – Biome Resetting Moringa Cleansing Oil, 200ml",https://qudobeauty.com/product/axis-y-gesicht-reinigung-biome-resetting-moringa-cleansing-oil-200-ml/
Exfoliants,"Beauty of Joseon – Red Bean Water Gel, 100ml",https://qudobeauty.com/product/beauty-of-joseon-red-bean-water-gel-100-ml/
Cleansing & Makeup Removal,"Beauty of Joseon – Radiance Cleansing Balm, 100ml",https://qudobeauty.com/product/beauty-of-joseon-radiance-cleansing-balm-100-ml/
Cleansing & Makeup Removal,"Beauty of Joseon – Green Plum Refreshing Cleanser, 100ml",https://qudobeauty.com/product/beauty-of-joseon-green-plum-refreshing-cleanser-100ml/
Eye Cream,"AXIS-Y – Vegan Collagen Eye Serum, 10ml",https://qudobeauty.com/product/axis-y-vegan-collagen-eye-serum-10ml/
Eye Cream,"Beauty of Joseon – Light On Serum: Centella + Vita C, 30ml",https://qudobeauty.com/product/beauty-of-joseon-light-on-serum-centella-vita-c-30ml/
Eye Cream,"Dr. Althea – To Be Youthful Eye Serum, 25 ml",https://qudobeauty.com/product/dr-althea-to-be-youthful-eye-serum-25-ml/
Eye Cream,"Farmstay – Collagen Water Full Moist Rolling Eye Serum, 25ml",https://qudobeauty.com/product/farmstay-collagen-water-full-moist-rolling-eye-serum-25ml/
Eye Cream,"K-SECRET – SEOUL 1988 Eye Cream: Retinal Liposome 4% + Fermented Bean, 30ml",https://qudobeauty.com/product/ksecret-seoul-1988-eye-cream-retinal-liposome-4-fermented-bean-30ml/
Eye Cream,"Mary & May – Tranexamic Acid + Glutathione Eye Cream, 30ml",https://qudobeauty.com/product/marymay-tranexamic-acid-glutathione-eye-cream-30ml/
Eye Cream,Pyunkang Yul – Black Tea Time Reverse Eye Cream – 25ml,https://qudobeauty.com/product/pyunkang-yul-black-tea-time-reverse-eye-cream-25ml/
Eye Cream,"Medicube – Deep Lifting Peptide Eye Cream For Face, 30ml",https://qudobeauty.com/product/deep-lifting-peptide-eye-cream-for-face-eye-care-30ml/
Eye Cream,"Mary & May – Tranexamic Acid + Glutathione Eye Cream, MINI Size, 12g",https://qudobeauty.com/product/mary-may-tranexamic-acid-glutathione-eye-cream-mini-size-12g/
Eye Cream,"APLB – Glutathione Niacinamide Eye Cream, 20ml",https://qudobeauty.com/product/aplb-glutathione-niacinamide-eye-cream-20ml/
Eye Patches,"Farmstay – 24K Gold & Peptide Solution Ampoule Eye Patch, 60 patches",https://qudobeauty.com/product/farmstay-24k-gold-peptide-solution-ampoule-eye-patch-60-patches/
Eye Patches,"Medi-Peel – Hyaluron Cica Peptide 9 Ampoule Eye Patch, 60 Patches",https://qudobeauty.com/product/medi-peel-hyaluron-cica-peptide-9-ampoule-eye-patch-60-patches/
Eye Patches,"Medi-Peel – Hyaluron Rose Peptide 9 Ampoule Eye Patch, 60 Patches",https://qudobeauty.com/product/medi-peel-hyaluron-rose-peptide-9-ampoule-eye-patch-60-patches/
Eye Patches,"Medi-Peel – Hyaluron Dark Benone 9 Peptide Ampoule Eye Patch, 60 Patches",https://qudobeauty.com/product/medi-peel-hyaluron-dark-benone-9-peptide-ampoule-eye-patch-60-patches/
Eye Patches,Pyunkang Yul – Black Tea Time Reverse Eye Patch – 60pcs,https://qudobeauty.com/product/pyunkang-yul-black-tea-time-reverse-eye-patch-60pcs/
Eye Patches,"Medi-Peel – Hyaluron Aqua Peptide-9 Ampoule Eye Patch, 1.6g x 60 Pads",https://qudobeauty.com/product/medi-peel-hyaluron-aqua-peptide-9-ampoule-eye-patch-1-6g-x-60-pads/
Eye Patches,COSRX – Advanced Snail Hydrogel Eye Patch,https://qudobeauty.com/product/cosrx-advanced-snail-hydrogel-eye-patch/
Eye Patches,"Heimish – Matcha Biome Hydrogel Eye Patch, 1.4g x 60ea",https://qudobeauty.com/product/heimish-matcha-biome-hydrogel-eye-patch-1-4g-x-60ea/
Eye Patches,"Heimish – RX Retinol Bakuchiol Hydrogel Eye Patch, 60EA",https://qudobeauty.com/product/heimish-rx-retinol-bakuchiol-hydrogel-eye-patch-60ea/
Eye Patches,"Farmstay – Collagen Water Full Hydrogel Eye Patch, 90g (60pcs)",https://qudobeauty.com/product/farm-stay-collagen-water-full-hydrogel-eye-patch-90g-60pcs/
Face Masks,"ABIB – Gum Sheet Mask Collagen Milk Sticker, 1ea",https://qudobeauty.com/product/abib-gum-sheet-mask-collagen-milk-sticker-1ea/
Face Masks,"ABIB – Gummy Sheet Mask Madecassoside Sticker, 27ml",https://qudobeauty.com/product/abib-gummy-sheet-mask-madecassoside-sticker-27ml/
Face Masks,"AXIS-Y – Mugwort Pore Clarifying Wash Off Pack, 100ml",https://qudobeauty.com/product/axis-y-mugwort-pore-clarifying-wash-off-pack-100ml/
Face Masks,"AXIS-Y – New Skin Resolution Gel Mask, 100ml",https://qudobeauty.com/product/axis-y-new-skin-resolution-gel-mask-100ml/
Face Masks,"Beauty of Joseon – Ground Rice and Honey Glow Mask, 150ml",https://qudobeauty.com/product/beauty-of-joseon-ground-rice-and-honey-glow-mask-150ml/
Face Masks,"Beauty of Joseon – Red Bean Refreshing Pore Mask, 140ml",https://qudobeauty.com/product/beauty-of-joseon-red-bean-refreshing-pore-mask-140ml/
Face Masks,"Biodance – Hydro Cera-Nol Real Deep Mask, 34g x 4pcs",https://qudobeauty.com/product/biodance-hydro-cera-nol-real-deep-mask-34g-x-4pcs/
Face Masks,"COSRX – Advanced Snail Mucin Power Sheet Mask, 25ml",https://qudobeauty.com/product/advanced-snail-mucin-power-sheet-mask-25ml/
Face Masks,"Dr. Althea – Marine Anti-Blemish Sheet Mask, 1 pc x 27g",https://qudobeauty.com/product/marine-anti-blemish-sheet-mask-1-pc-x-27g/
Face Masks,"Heimish – Black Tea Mask Pack, 110ml",https://qudobeauty.com/product/heimish-black-tea-mask-pack-110-ml/
Moisturizers,"Anua – Peach 77% Niacin Enriched Cream, 50ml",https://qudobeauty.com/product/anua-peach-77-niacin-enriched-cream-50ml/
Moisturizers,"Anua – Heartleaf 70% Intense Calming Cream, 50ml",https://qudobeauty.com/product/anua-heartleaf-70-intense-calming-cream-50-ml/
Moisturizers,"Anua – Heartleaf 70% Daily Lotion, 200ml",https://qudobeauty.com/product/anua-heartleaf-70-daily-lotion-200ml/
Moisturizers,"APLB – Glutathione Niacinamide Facial Cream, 55ml",https://qudobeauty.com/product/aplb-glutathione-niacinamide-facial-cream-55ml/
Moisturizers,"AXIS-Y – Biome Ultimate Indulging Cream, 55ml/1.85oz",https://qudobeauty.com/product/axis-y-biome-ultimate-indulging-cream-55ml-1-85oz/
Moisturizers,"COSRX – Hyaluronic Acid Intensive Cream, 100ml",https://qudobeauty.com/product/cosrx-hyaluronic-acid-intensive-cream-100ml/
Moisturizers,"COSRX – The Retinol 0.1 Cream, 20ml",https://qudobeauty.com/product/cosrx-the-retinol-0-1-cream-20ml/
Moisturizers,"COSRX – Centella Blemish Cream, 30ml",https://qudobeauty.com/product/cosrx-centella-blemish-cream-30ml/
Moisturizers,"COSRX – Advanced Snail 92 All In One Cream, 100ml",https://qudobeauty.com/product/cosrx-advanced-snail-92-all-in-one-cream-100ml/
Moisturizers,"Dr. Althea – 147 Cream Barrier, 50ml",https://qudobeauty.com/product/dr-althea-147-cream-barrier-50-ml/
Serums & Treatments,"ABIB – Heartleaf Essence Calming Pump, 50ml",https://qudobeauty.com/product/abib-heartleaf-essence-calming-pump-50ml/
Serums & Treatments,"Anua – PDRN Hyaluronic Acid Capsule 100 Serum, 30ml",https://qudobeauty.com/product/anua-pdrn-hyaluronic-acid-capsule-100-serum-30ml/
Serums & Treatments,"Anua – Birch 70 Moisture Boosting Serum, 30ml",https://qudobeauty.com/product/anua-birch-70-moisture-boosting-serum-30ml/
Serums & Treatments,"Anua – Niacinamide 10% + Tranexamin Acid 4% Serum, 30ml",https://qudobeauty.com/product/anua-niacinamide-10-tranexamin-acid-4-serum-30-ml/
Serums & Treatments,"Anua – Peach 70 Niacin Serum, 30ml",https://qudobeauty.com/product/anua-peach-70-niacin-serum-30ml/
Serums & Treatments,"Anua – Heartleaf 80% Soothing Ampoule, 30ml",https://qudobeauty.com/product/anua-heartleaf-80-soothing-ampoule-30ml/
Serums & Treatments,"APLB – Glutathione Niacinamide Ampoule Serum, 40ml",https://qudobeauty.com/product/aplb-glutathione-niacinamide-ampoule-serum-40ml/
Serums & Treatments,"AXIS-Y – Artichoke Intensive Skin Barrier Ampoule, 30ml",https://qudobeauty.com/product/axis-y-artichoke-intensive-skin-barrier-ampoule-30ml/
Serums & Treatments,"AXIS-Y – Spot The Difference Blemish Treatment, 15ml / 0.5 fl. oz",https://qudobeauty.com/product/axis-y-spot-the-difference-blemish-treatment-15ml-0-5-fl-oz/
Serums & Treatments,"AXIS-Y – Dark Spot Correcting Glow Serum, 50ml",https://qudobeauty.com/product/axis-y-dark-spot-correcting-glow-serum-50ml/
Toners,"Anua – Rice 70 Glow Milky Toner, 250ml",https://qudobeauty.com/product/anua-rice-70-glow-milky-toner-250ml/
Toners,"Anua – Heartleaf 77% Soothing Toner, 250ml",https://qudobeauty.com/product/anua-heartleaf-77-soothing-toner-250ml/
Toners,"Anua – Birch 70 Moisture Boosting Toner, 250ml",https://qudobeauty.com/product/anua-birch-70-moisture-boosting-toner-250ml/
Toners,"Anua – Peach 77% Niacin Essence Toner, 250ml",https://qudobeauty.com/product/anua-peach-77-niacin-essence-toner-250ml/
Toners,"AXIS-Y – Daily Purifying Treatment Toner, 200ml",https://qudobeauty.com/product/axis-y-daily-purifying-treatment-toner-200ml/
Toners,"Beauty of Joseon – Glow Replenishing Rice Milk, 150ml",https://qudobeauty.com/product/beauty-of-joseon-glow-replenishing-rice-milk-150ml/
Toners,"Beauty of Joseon – Green Plum Refreshing Toner: AHA + BHA, 150ml",https://qudobeauty.com/product/beauty-of-joseon-green-plum-refreshing-toner-aha-bha-150ml/
Toners,"COSRX – AHA/BHA Clarifying Treatment Toner, 150ml",https://qudobeauty.com/product/cosrx-aha-bha-clarifying-treatment-toner-150ml/
Toners,"Dr. Althea Anastatica Skin Conditioning Toner, 250ml",https://qudobeauty.com/product/dr-althea-anastatica-skin-conditioning-toner-250ml/
Toners,"Haruharu Wonder – Black Rice Probiotics Barrier Essence, 120ml",https://qudobeauty.com/product/haruharu-wonder-black-rice-probiotics-barrier-essence-120ml/
Pimple Patches,"APRILSKIN – Carrotene IPMP Clearing Solution, 20ml",https://qudobeauty.com/product/aprilskin-carrotene-ipmp-clearing-solution-20ml/
Pimple Patches,"COSRX – Acne Pimple Master Patch, 24 count",https://qudobeauty.com/product/cosrx-acne-pimple-master-patch-24-count/
Pimple Patches,"COSRX – Clear Fit Master Patch, 1 pack x 18 patches",https://qudobeauty.com/product/cosrx-clear-fit-master-patch-1-pack-x-18-patches/
Pimple Patches,"SKIN1004 – Spot Cover Patch Ultra-thin Patches for Imperfections, 22pcs",https://qudobeauty.com/product/skin1004-spot-cover-patch-ultra-thin-patches-for-imperfections-22pcs/
Pimple Patches,"Pyunkang Yul – Acne Spot Patch Super Thin, 15ea",https://qudobeauty.com/product/pyunkang-yul-acne-spot-patch-super-thin-15ea/
Pimple Patches,SOME BY MI – Clear Spot Patch 18pcs,https://qudobeauty.com/product/some-by-mi-clear-spot-patch-18pcs/
Pimple Patches,VT Cosmetics – Cica Care Spot Patch – 1pack(48 Patches),https://qudobeauty.com/product/vt-cica-care-spot-patch-1pack48-patches/
Pimple Patches,Out of stock,https://qudobeauty.com/product/cosrx-master-patch-intensive-healing-blemish-patches-36-pcs/
Sun Protection SPF,ABIB – Airy Sunstick SPF50+ PA++++,https://qudobeauty.com/product/abib-tone-up-quick-smoothing-sunstick-bar-spf50-pa/
Sun Protection SPF,"Anua – Heartleaf Silky Moisture Sun Cream SPF50+ PA++++, 50ml",https://qudobeauty.com/product/anua-heartleaf-silky-moisture-sun-cream-spf50-pa-50ml/
Sun Protection SPF,"Beauty of Joseon – Matte Sun Stick Mugwort + Camilia SPF50 PA++++, 18g",https://qudobeauty.com/product/beauty-of-joseon-matte-sun-stick-mugwort-camilia-spf50-pa-18-g/
Sun Protection SPF,"COSRX – Aloe Soothing Sun Cream SPF50 PA+++, 50ml",https://qudobeauty.com/product/cosrx-aloe-soothing-sun-cream-spf50-pa-50ml/
Sun Protection SPF,"K-SECRET – SEOUL 1988 Sun: Pine Tree + Ceramide SPF50+ PA++++, 50ml",https://qudobeauty.com/product/k-secret-seoul-1988-sun-pine-tree-ceramide-spf50-pa-50ml/
Sun Protection SPF,"Mary & May – Vegan Peptide Bakuchiol Sun Stick SPF50+ PA++++, 18g",https://qudobeauty.com/product/mary-may-vegan-peptide-bakuchiol-sun-stick-spf50-pa-18g/
Sun Protection SPF,"Medi-Peel – Peptide 9 Bio Sun Stick Pro SPF50+ PA++++, 19g",https://qudobeauty.com/product/medi-peel-peptide-9-bio-sun-stick-pro-spf50-pa-19g/
Sun Protection SPF,"Missha – All Around Safe Block Aqua Sun, 50ml",https://qudobeauty.com/product/missha-all-around-safe-block-aqua-sun-50-ml/
Sun Protection SPF,Numbuzin – No.1 Clear Filter Sun Essence SPF 50+ PA ++++ – 50ml,https://qudobeauty.com/product/numbuzin-no-1-clear-filter-sun-essence-spf-50-pa-50ml/
Sun Protection SPF,SKIN1004 – Madagascar Centella Air-Fit Suncream Plus SPF50+ PA++++ – 50ml,https://qudobeauty.com/product/skin1004-madagascar-centella-air-fit-suncream-plus-spf50-pa-50ml/
Exfoliants,"COSRX – AHA 7 Whitehead Power Liquid, 100ml",https://qudobeauty.com/product/cosrx-aha-7-whitehead-power-liquid-100ml/
Exfoliants,"COSRX – BHA Blackhead Power Liquid, 100ml",https://qudobeauty.com/product/cosrx-bha-blackhead-power-liquid-100ml/
Exfoliants,Medicube – Zero Pore Pad 2.0 70 Pcs,https://qudobeauty.com/product/medicube-zero-pore-pad-2-0-70-pcs/
Exfoliants,"Medicube – Deep Vita C Pad, 150g",https://qudobeauty.com/product/medicube-deep-vita-c-pad-150g/
Exfoliants,"Medicube – Zero Pore Mild Pad, 155g",https://qudobeauty.com/product/medicube-zero-pore-mild-pad-155g/
Exfoliants,"Medicube – Exosome Cica Calming Pad, 150ml",https://qudobeauty.com/product/medicube-exosome-cica-calming-pad-150ml/
Exfoliants,"Beauty of Joseon – Apricot Blossom Peeling Gel, 100ml",https://qudobeauty.com/product/beauty-of-joseon-apricot-blossom-peeling-gel-100ml/
