product_name,brand,official_product_page,brand_website,barcode_or_sku,country_of_origin,external_description,external_ingredients,source_urls
Beauty of Joseon – Green Plum Refreshing Toner: AHA + BHA – 150 ml,Beauty of Joseon,https://beautyofjoseon.com/products/green-plum-refreshing-toner-aha-bha,https://beautyofjoseon.com/,00200325129,,A gentle yet effective smoothing toner that helps reset your skin's natural glow by sweeping away dead skin cells and cleansing clogged pores. Formulated with ...,"Aug 29, 2022 ... Beauty of Joseon Green Plum Refreshing Toner : AHA + BHA ingredients explained: Water, Prunus Mume Fruit Water, Dipropylene Glycol, ...; How to Use ; Key Ingredients. Green Plum Water + Mung Bean Extract + AHA+BHA. Ginseng + Niacinamide. Rice Extract & Amino Acids ; Skin Concern. Clogged Pores + ...; Cruelty-free , Moisturising , Pore-refining. Area of Application : Face. Ingredients (INCI). Aqua, Prunus Mume Fruit Water, Dipropylene Glycol Dibenzoate, 1.2 ...",https://beautyofjoseon.com/collections/toner-essence; https://koreanbeautys.com/products/beauty-of-joseon-green-plum-refreshing-toner-aha-bha-150ml; https://mummyandmemall.com/products/beauty-of-joseon-green-plum-refreshing-toner-aha-bha-toner; https://www.yesstyle.com/en/beauty-of-joseon-green-plum-refreshing-toner-aha-bha-2024-version/info.html/pid.1116280739; https://beautyofjoseon.com/products/green-plum-refreshing-toner-aha-bha; https://incidecoder.com/products/beauty-of-joseon-green-plum-refreshing-toner-aha-bha; https://www.amazon.com/Beauty-Joseon-Refreshing-Moisturizer-Exfoliating/dp/B0DJDC71XL; https://www.hondoscenter.com/en/green-plum-refreshing-toner-aha-bha-00200325129.html; https://incibeauty.com/en/ingredients/6942-oryza-sativa-bran-water; https://www.reddit.com/r/AsianBeauty/comments/17ogek9/experience_with_beauty_of_joseon_green_plum/; https://www.amazon.com/Beauty-Joseon-Refreshing-Cleanser-fl-oz/dp/B09N919SS5; https://www.cosmeterie.com/beauty-of-joseon/green-plum-refreshing-toner-aha-bha; https://hikoco.co.nz/products/green-plum-refreshing-toner-aha-bha; https://beautyofjoseon.com/products/glow-serum-propolis-niacinamide
Mary & May – Tranexamic Acid + Glutathione Eye Cream (Mini Size) – 12 g,Mary & May,,,,,We acknowledge that some aspects of our website may not yet achieve full ... The Tranexamic Acid + Glutathione Eye Cream is a brightening eye cream ...,"Aug 10, 2021 ... MARY & MAY Tranexamic Acid + Glutathione Eye Cream ingredients explained: Purified Water, Ethylhexyl Palmitate, Glycereth-26, Glycerin, ...; Sep 23, 2022 ... Ingredients in Mary & May Tranexamic Acid + Glutathione Eye Cream explained: benefits, concerns, and detailed analysis of 38 ingredients ...; Products Ingredients Decode INCI · Follow us on our new Insta page ». MARY & MAY products. MARY & MAY 6 Peptide Complex Serum MARY & MAY Blackberry Complex ...; This shows that the cosmetic uses the safest ingredients, and is usually recommended for sensitive skin. Mary & May is a cruelty free company and all its ...",https://www.amazon.com/Mary-May-Tranexamic-Glutathione-Reduces/dp/B0987DJDSG; https://melonandstarfish.com/mary-may-tranexamic-acid-glutathione-eye-cream-30g/; https://www.koreanbeautys.com/products/mary-may-tranexamic-acid-glutathione-eye-cream; https://eu.fragrance.com/en/mary-may-tranexamic-acid-glutathione-eye-cream-140-ml-5686; https://marynmay.com/; https://www.plaza.com.mv/products/tranexamic-acid-glutathione-eye-cream-30ml; https://marynmay.com/products/mary-may-tranexamic-acid-glutathione-eye-cream-30g; https://incidecoder.com/brands/mary-may; https://kbeautyaustralia.com.au/mary-may-tranexamic-acid-glutathione-eye-cream/; https://marynmay.us/products/glutathione-eyecream-special-set-eye-cream-30g-1ea-miniature-2ea; https://marynmay.us/products/tranexamic-acid-glutathion-eye-cream-30ml; https://incidecoder.com/products/mary-may-tranexamic-acid-glutathione-eye-cream; https://skinsort.com/products/mary-may/tranexamic-acid-glutathione-eye-cream; https://www.elbeauty.gr/en/product/tranexamic-acid-glutathione-krema-mation-gia-toys-mayroys-ky/
APLB – Glutathione Niacinamide Facial Cleanser – 80 ml,APLB,https://www.amazon.com/APLB-Glutathione-Niacinamide-Cleanser-nourishment/dp/B0C8SYJ1T2,https://www.amazon.com/,,,"APLB Glutathione Niacinamide Facial Cleanser | LIPO GLUTA NIAC CEN™ 8.6% 2.71 FL.OZ/Korean Skincare, Cares for Tighten Pores & Sebum, Long lasting ...","Nov 11, 2023 ... APLB Glutathione Niacinamide Facial Cleanser ingredients explained: Water, Glycerin, Stearic Acid, Centella Asiatica Extract (8.4%), ...; Nov 11, 2023 ... APLB Glutathione Niacinamide Facial Cleanser ingredients explained: Water, Glycerin, Stearic Acid, Centella Asiatica Extract (8.4%), ...; Ingredients in APLB Glutathione Niacinamide Facial Cleanser explained: benefits, concerns, and detailed analysis of 40 ingredients including Water, ...; Feb 17, 2024 ... (...)"" APLB retinol + vit c serum full ingredients list + explanations: https://incidecoder ... glutathione niacinamide sunscreen is gorgeous!",https://kosmetica.io/products/aplb-glutathione-niacinamide-facial-cleanser; https://skinsort.com/products/aplb/glutathione-niacinamide-facial-cleanser; https://cosmetics.lk/products/aplb-glutathione-niacinamide-ampoule-serum-40ml; https://www.reddit.com/r/AsianBeauty/comments/1astf3n/thoughts_on_aplb/; https://www.amazon.com/APLB-Glutathione-Niacinamide-hydration-Revitalize/dp/B0C8SPVHQY; https://www.koreanbeautys.com/products/aplb-glutathione-niacinamide-ampoule-serum; https://www.stylekorean.com/shop/aplb-glutathione-niacinamide-facial-cleanser-80ml/1701758389/; https://pleeacosmetics.com/products/aplb-glutathione-niacinamide-facial-cleanser-pleea-cosmetics; https://www.amazon.com/APLB-Glutathione-Niacinamide-Cleanser-nourishment/dp/B0C8SYJ1T2; https://www.koreanbeautys.com/products/aplb-glutathione-niacinamide-facial-cream; https://incidecoder.com/products/aplb-glutathione-niacinamide-facial-cleanser; https://www.yesstyle.com/en/aplb-glutathione-niacinamide-facial-cleanser-80ml/info.html/pid.1122949320; https://incidecoder.com/products/aplb-glutathione-niacinamide-cleansing-oil
Axis-Y – Biome Ultimate Indulging Cream – 55 ml / 1.85 oz,Axis-Y,https://www.axis-y.com/products/biome-ultimate-indulging-cream,https://www.axis-y.com/,14285714285717,,"A luxurious cream with a Satin Barrier formulation which creates a thin moisture barrier on the skin, improving skin texture and providing a soft glow from the ...","Jan 16, 2023 ... Axis-Y Biome Ultimate Indulging Cream ingredients explained: Water, Glycerin, Betaine, Methylpropanediol, Cyclohexasiloxane, ...; Mar 9, 2023 ... Axis-Y Biome Ultimate Indulging Cream ingredients explained: Water, Propanediol, Panthenol, Methylpropanediol, Butylene Glycol, 1 ...; Ingredients (INCI). Aqua, Glycerin, Betaine, Methylpropanediol ... Get at least 1 free sample per order; Secure payments with SSL encryption technology.; Ingredients in AXIS - Y Biome Ultimate Indulging Cream explained: benefits, concerns, and detailed analysis of 56 ingredients including Water, Glycerin, ...",https://incidecoder.com/products/axis-y-biome-ultimate-indulging-cream; https://www.cosmeterie.com/axis-y/biome-ultimate-indulging-cream; https://www.axis-y.com/collections/wrinkles-1; https://incidecoder.com/products/axis-y-biome-ultimate-indulging-cream-3; https://www.axis-y.com/products/biome-ultimate-indulging-cream; https://hikoco.co.nz/products/rosemary-root-enhancer; https://halazoon.myshopify.com/products/axis-y-made-by-me-for-me-biome-ultimate-indulging-cream; https://skinsort.com/products/axis-y/biome-ultimate-indulging-cream; https://www.amazon.com/AXIS-Y-Biome-Comforting-Infused-Toner/dp/B0B631HP6K; https://snap.berkeley.edu/project/12316474; https://www.amazon.com/AXIS-Y-Biome-Ultimate-Indulging-Cream/dp/B0BM9HDVQV; https://korean-skincare.de/products/axis-y-biome-ultimate-indulging-cream; https://chokchokskin.co/products/axis-y-biome-ultimate-indulging-cream; https://www.axis-y.com/
Anua – Heartleaf LHA Moisture Peeling Gel – 120 ml,Anua,https://anua.com/products/heartleaf-lha-moisture-peeling-gel,https://anua.com/,,,"Discover the Heartleaf LHA Moisture Peeling Gel by Anua, designed for sensitive skin. Experience gentle exfoliation that reveals a radiant, ...","Apr 18, 2023 ... Contains peeling ingredient LHA which is safe for sensitive skin. Contains BioDtox (Aloe Ferox Leaf Extract, Brassica Oleracea Italica (Broccoli) Extract and ...; Ingredients in Anua Heartleaf LHA Moisture Peeling Gel explained: benefits, concerns, and detailed analysis of 22 ingredients including Water, ...; Anua US Cleanser ... By Ingredients. CUSTOMER CARE. FAQ · Shipping Policy · Return Policy · Privacy ...; Apr 18, 2023 ... Anua Heartleaf Quercetinol Pore Deep Cleansing Foam ingredients explained: Houttuynia Cordata Extract (33.4%), Quercetin(10000 Ppb), ...",https://www.koreanbeautys.com/products/anua-heartleaf-lha-moisture-peeling-gel; https://sincereskincare.com/product/anua-heartleaf-lha-moisture-peeling-gel-drekinantis-sveiciamasis-gelis/; https://skinsort.com/products/anua/heartleaf-lha-moisture-peeling-gel; https://eu.fragrance.com/en/anua-heartleaf-pore-control-cleansing-oil-200-ml-0854; https://yepposoonsoo.se/en/products/anua-heartleaf-lha-moisture-peeling-gel; https://incidecoder.com/brands/anua?offset=1; https://anua.com/collections/5-by-ingredients; https://kbeautyaustralia.com.au/anua-heartleaf-lha-moisture-peeling-gel/; https://kukalemon.com/products/anua-niacinamide-10-txa-4-serum-copy-2; https://anua.com/products/heartleaf-lha-moisture-peeling-gel; https://incidecoder.com/products/anua-heartleaf-lha-moisture-peeling-gel; https://incidecoder.com/products/anua-heartleaf-quercetinol-pore-deep-cleansing-foam; https://www.ulta.com/p/heartleaf-lha-moisture-peeling-gel-pimprod2049128?sku=2634257; https://www.cosmeterie.com/anua/heartleaf-lha-moisture-peeling-gel; https://axiastation.ca/products/anua-heartleaf-lha-moisture-peeling-gel-150ml
COSRX – Aloe Soothing Sun Cream SPF50 PA+++ – 50 ml,COSRX,https://www.cosrx.com/products/aloe-soothing-sun-cream-spf50-pa,https://www.cosrx.com/,,Made In Korea DETAILS The Cosrx Aloe Soothing Sun Cream SPF 50 PA+++ is a broad spectrum sunscreen clinically proven to provide high UV protection.,"Aloe Soothing Sun Cream SPF50+/ PA+++ ... Is this moisturizer? No, it's sunscreen! Formulated with Aloe Arborescens Leaf Extract, the daily soothing sunblock is ...","Mar 8, 2018 ... COSRX Aloe Soothing Sun Cream Spf50 Pa+++ ingredients explained: Water, Ethylhexyl Methoxycinnamate, Glycerin, Propylene Glycol, ...; Feb 28, 2020 ... COSRX Aloe Soothing Sun Cream Spf 50. Ingredients explained · Methylene Bis-Benzotriazolyl Tetramethylbutylphenol, aka Tinosorb M, the good buddy ...; Ingredients in COSRX Aloe Soothing Sun Cream SPF 50 PA+++ explained: benefits, concerns, and detailed analysis of 45 ingredients including Water, ...; Oct 18, 2020 ... COSRX Aloe Soothing Sun Cream Spf50+ Pa+++ ingredients explained: Water, Ethylhexyl Methoxycinnamate, Glycerin, Propylene Glycol, ...",https://limese.com/products/cosrx-aloe-soothing-sun-cream-spf-50-pa; https://www.cosrx.com/products/aloe-soothing-sun-cream-spf50-pa; https://incidecoder.com/products/cosrx-aloe-soothing-sun-cream-spf50-pa; https://www.koreanbeautys.com/products/cosrx-aloe-soothing-sun-cream-spf50-pa-50ml; https://www.pharmacyjunction.com.au/product/cosrx-aloe-soothing-sun-cream-spf50-pa-50ml/; https://incidecoder.com/products/cosrx-aloe-soothing-sun-cream-spf-50; https://pharmazone.com/products/accoje-protective-spf50-no-sebum-sun-gel-50ml; https://www.cosrx.com/collections/sun-protection; https://www.reddit.com/r/AsianBeauty/comments/165ccyc/review_cosrx_aloe_soothing_suncream_spf50/; https://skinsort.com/products/cosrx/aloe-soothing-sun-cream-spf-50-pa; https://www.reddit.com/r/AsianBeauty/comments/o36qh2/retested_verified_cosrx_aloe_soothing_sun_cream/; https://glowtheory.com/products/aloe-soothing-sun-cream-spf-50-pa; https://incidecoder.com/products/cosrx-aloe-soothing-sun-cream-spf50-pa-2; https://cicabelle.com/products/cosrxaloe
VT Cosmetics – Cica Care Spot Patch,VT Cosmetics,,,,,"Amazon.com : VT Cosmetics CICA CARE SPOT PATCH, Acne patch, Acne treatment patches, Healing Patch, Cover Patch, Blemish Cover, Waterproof, Wear Makeup on it ...","Dec 30, 2022 ... *INCI is a list of the standardized and internationally accepted names used in the declaration of ingredients on cosmetic and personal care ...; Oct 18, 2025 ... VT Cosmetics Cica Spot Patch ingredients explained: Hydrogenated Poly(C6-20 Olefin), Cellulose Gum, Polyisobutene, Styrene/Isoprene ...; *INCI is a list of the standardized and internationally accepted names used in the declaration of ingredients on cosmetic and personal care products. It is ...; This acne patch is water-proof invisible to attach to your face. You can wear foundation after the patch. Contains fast-acting ingredients which will sooth the ...",https://www.darlinglux.lv/products/vt-cosmetics-cica-spot-patch-48pcs; https://hikoco.co.nz/products/cica-daily-soothing-mask; https://eshop.natureal.sk/en/additional-care-for-acne-prone-skin/3141-vt-cosmetics-cica-care-spot-patch-8809559624031.html; https://incibeauty.com/en/ingredients/25015-mineral-oil; https://www.eyurs.com/products/vt-cica-spot-patch; https://us.amazon.com/VT-Cosmetics-treatment-Waterproof-Treatment/dp/B08TG8VQHT; https://www.ladymakeup.com/shop/vt_cosmetics_cica_x_hyalon_cica_no_sebum_uv_powder_brightening_face_powder_spf20_pa_5_g.html; https://incidecoder.com/brands/vt-cosmetics; https://hikoco.co.nz/products/spot-patch; https://glowtime.mu/shop/vt-cosmeticscica-care-spot-patch3-x-48ea/; https://www.amazon.com/VT-COSMETICS-Patchs-x18patchs-x15patchs/dp/B09CDBRZ97; https://incidecoder.com/products/vt-cosmetics-cica-spot-patch; https://coree.ch/products/vt-spot-patch; https://incidecoder.com/products/vt-cica-care-spot-patch; https://www.beautybase.com/vt-cosmetics-cica-x-care-spot-patches-48pcs-p83765
Dr. Althea – 147 Cream Barrier – 50 ml,Dr. Althea,,,,,"Dr.Althea 147 Barrier Cream is a best face moisturizer that enhances the skin barrier and delivers deep hydration. Formulated with 1 barrier-strengthening, ...","Jan 18, 2024 ... Key Ingredients · Soothing · Panthenol · Coptis Japonica Root Extract · Beta-Glucan · Persea Gratissima (Avocado) Fruit Extract.; Formulated with 1 barrier-strengthening, 4 nourishing, and 7 essential hydrating ingredients. The cream's seven-layer hyaluronic acid complex delivers ...; Ingredients in Dr. Althea 147 Barrier Cream US explained: benefits, concerns, and detailed analysis of 67 ingredients including Water, Glycerin, ...; Althea Azulene 147HA Intensive Soothing Cream dupes and ingredient ... INCI lists and these are the products with the most number of similar ingredients.; Dr. Althea 147 Barrier Cream – 50ml Fortify Your Skin with 147 Barrier-Boosting Ingredients Say goodbye to dryness, irritation, and environmental stress ...",https://peacockbeautywholesale.com/product/147-barrier-cream-wholesale/; https://aesthacosmetics.com/products/dr-althea-147-barrier-cream-50ml; https://skinsort.com/products/dr-althea/147-barrier-cream; https://doctoraltheaglobal.com/products/345-relief-cream; https://www.amazon.com/Dr-Althea-Resveratrol-345NA-Intensive-Repair/dp/B07PK2P2XB; https://www.amazon.com/Barrier-Hydrating-Hyaluronic-Ceramides-Skincare/dp/B07PGTTTDH; https://doctoraltheaglobal.com/; https://skinskoolbeauty.com/dupes/dr-althea/azulene-147ha-intensive-soothing-cream-93223f8d; https://doctoraltheaglobal.com/products/dralthea-147_barrier_cream; https://incidecoder.com/products/dr-althea-147-barrier-cream; https://skinandtonic.mx/en/products/147-barrier-cream; https://www.watsons.sa/products/dr-althea-147-barrier-cream-50ml; https://www.eyurs.com/products/dr-althea-147-barrier-cream
Beauty of Joseon – Red Bean Water Gel – 100ml,Beauty of Joseon,https://beautyofjoseon.com/products/red-bean-water-gel,https://beautyofjoseon.com/,,,"This lightweight gel formula is infused with a blend of saponin-rich red bean extract and our special blend of three different peptides. Together, they work to ...","Oct 31, 2022 ... Beauty of Joseon Red Bean Water Gel ingredients explained: Phaseolus Angularis Seed Extract (441000 Ppm), Water, Butylene Glycol, Glycerin, ...; Lightweight, non-greasy, and packed with potent ingredients, it intensely hydrates without heaviness for skin that's refreshed, glowy, and doesn't get oily ...; Jul 15, 2024 ... Beauty of Joseon Red Bean Water Gel ingredients explained: Phaseolus Angularis Seed Extract, Water, Butylene Glycol, Glycerin, ...; Feb 14, 2023 ... Their website doesn't mention that at all and it took a bit to find it in the ingredient list; do you think it's a decent percentage or just ...; Ingredients in Beauty of Joseon Red Bean Water Gel explained: benefits, concerns, and detailed analysis of 58 ingredients including Water, Butylene Glycol, ...",https://beautyofjoseon.com/collections/red-bean; https://incidecoder.com/products/beauty-of-joseon-red-bean-water-gel-4; https://www.reddit.com/r/AsianBeauty/comments/112hzpi/has_anyone_tried_beauty_of_joseon_red_bean_gel/; https://beautyofjoseon.com/products/red-bean-refreshing-pore-mask; https://incidecoder.com/products/beauty-of-joseon-red-bean-water-gel; https://www.amazon.com/Beauty-Joseon-Refreshing-Cleanser-fl-oz/dp/B09N919SS5; https://beautyofjoseon.com/products/dynasty-cream; https://northandstate.com/products/best-beauty-group-beauty-of-joseon-red-bean-water-vegan-gel-moisturizer; https://www.eyurs.com/products/beauty-of-joseon-centella-asiatica-calming-mask; https://chomistore.com/en/beauty-of-joseon-radiance-cleansing-balm-100ml/p1595121806; https://www.amazon.com/Beauty-Joseon-Water-100ml-3-38fl-oz/dp/B0BJPJGG13; https://skinsort.com/products/beauty-of-joseon/red-bean-water-gel; https://beautyofjoseon.com/products/red-bean-water-gel
Anua – Peach 77% Niacin Enriched Cream – 50 ml,Anua,https://anua.com/products/peach-77-niacin-enriched-cream,https://anua.com/,8809640734359,,"Lightweight, non-sticky cream incorporates the benefits of fermented peaches and three fermented ingredients to replenish moisture, helping to smooth and ...","Lightweight, non-sticky cream incorporates the benefits of fermented peaches and three fermented ingredients to replenish moisture, helping to smooth and ...; Discover the #1 viral Korean skincare brand — 40M+ sold globally. Solve your skin concerns with Anua's effective, ingredient-focused care.; Dec 15, 2023 ... Anua Peach 77% Niacin Enriched Cream ingredients explained: Prunus Persica (Peach) Fruit Extract (77%), Glycerin, Methylpropanediol, ...; Ingredients in Anua Peach 77 Niacin Enriched Cream explained: benefits, concerns, and detailed analysis of 37 ingredients including Prunus Persica Fruit ...; ... Ingredients Decode INCI · Follow us on our new Insta page ». Anua products. Anua Heartleaf 78% Soothing Cream Anua Heartleaf 80 Moisture Soothing Ampoule Anua ...; Dec 17, 2023 ... Anua Peach 77 Niacin Conditioning Milk ingredients explained: Prunus Persica (Peach) Fruit Extract (77%), Glycerin, Ethylhexyl Stearate, ...",https://cosmetics.lk/products/anua-peach-77-niacin-enriched-cream-50ml; https://yepposoonsoo.se/en/products/anua-peach-77-niacin-enriched-cream; https://www.cosmeterie.com/anua/peach-77-niacin-enriched-cream; https://incidecoder.com/brands/anua?offset=1; https://incidecoder.com/products/anua-peach-77-niacin-enriched-cream; https://anua.global/products/peach-77-niacin-enriched-cream-copy; https://anua.com/; https://skinsort.com/products/anua/peach-77-niacin-enriched-cream; https://shopstarbeauty.com/anua-peach-77-niacin-essence-toner-8-45oz/; https://anua.com/products/peach-77-niacin-enriched-cream; https://gencbeauty.com/anua-peach-77-niacin-enriched-cream-1-69-oz/; https://incidecoder.com/products/anua-peach-77-niacin-conditioning-milk; https://international-cosmetic.com/en/products/peach-77-niacin-conditioning-milk-150ml; https://www.plaza.com.mv/products/peach-77-niacin-enriched-cream-50ml; https://www.ulta.com/p/peach-77-niacin-enriched-cream-pimprod2049125?sku=2634265
